Workbook

Sheet Cost Model
A1: GritFuel · Fixed Item Cost Model
A2: Internal use only · Estimates cost of delivering fixed subscription items (excl. credit-funded work)
A4: RATE ASSUMPTIONS | G4: COLOUR KEY
A5: Resource Type | B5: Hourly Rate (EUR) | G5: Blue text = hardcoded input
A6: Strategist (lead / CMO-level) | B6: 120 | G6: Black text = formula / calculation
A7: Other (ops / junior / data) | B7: 80 | G7: Yellow bg = key assumption
A8: CORE · €3,500/month · 70 credits | G8: GROWTH · €5,000/month · 110 credits | M8: PERFORMANCE · €7,500/month · 180 credits
A9: Fixed Item | B9: Resource | C9: Hrs/mo | D9: Cost (EUR) | G9: Fixed Item | H9: Resource | I9: Hrs/mo | J9: Cost (EUR) | M9: Fixed Item | N9: Resource | O9: Hrs/mo | P9: Cost (EUR)
A10: Monthly strategy session (1 × 60 min) | B10: Strategist | C10: 1 | D10: =C10*$B$6 -> 120 | G10: Bi-weekly alignment (2 × 60 min) | H10: Strategist | I10: 2 | J10: =I10*$B$6 -> 240 | M10: Weekly growth review (4 × 60 min) | N10: Strategist | O10: 4 | P10: =O10*$B$6 -> 480
A11: On-demand support (1.5 hrs/month) | B11: Strategist | C11: 1.5 | D11: =C11*$B$6 -> 180 | G11: On-demand support (3 hrs/month) | H11: Strategist | I11: 3 | J11: =I11*$B$6 -> 360 | M11: On-demand support (6 hrs/month) | N11: Strategist | O11: 6 | P11: =O11*$B$6 -> 720
A12: Monthly Growth Playbook (prep + write-up) | B12: Strategist | C12: 2.5 | D12: =C12*$B$6 -> 300 | G12: Monthly Growth Playbook (prep + write-up) | H12: Strategist | I12: 2.5 | J12: =I12*$B$6 -> 300 | M12: Monthly Growth Playbook (prep + write-up) | N12: Strategist | O12: 2.5 | P12: =O12*$B$6 -> 300
A13: Live growth dashboard (monthly update) | B13: Other | C13: 1 | D13: =C13*$B$7 -> 80 | G13: Live growth dashboard (monthly update) | H13: Other | I13: 1 | J13: =I13*$B$7 -> 80 | M13: Live growth dashboard (monthly update) | N13: Other | O13: 1 | P13: =O13*$B$7 -> 80
A14: Compounding engine (run + review) | B14: Other | C14: 0.5 | D14: =C14*$B$7 -> 40 | G14: Compounding engine (run + review) | H14: Other | I14: 0.5 | J14: =I14*$B$7 -> 40 | M14: Compounding engine (run + review) | N14: Other | O14: 0.5 | P14: =O14*$B$7 -> 40
A15: Ongoing brand & messaging guidance | B15: Strategist | C15: 0.5 | D15: =C15*$B$6 -> 60 | G15: Ongoing brand & messaging guidance | H15: Strategist | I15: 0.5 | J15: =I15*$B$6 -> 60 | M15: Ongoing brand & messaging guidance | N15: Strategist | O15: 0.5 | P15: =O15*$B$6 -> 60
A16: Specialist coordination (back-end routing) | B16: Other | C16: 0.5 | D16: =C16*$B$7 -> 40 | G16: Fractional CMO oversight | H16: Strategist | I16: 2 | J16: =I16*$B$6 -> 240 | M16: Fractional CMO oversight | N16: Strategist | O16: 2 | P16: =O16*$B$6 -> 240
A17: Session time cost | D17: =SUM(D10,D11) -> 300 | G17: Structured growth experiments (design) | H17: Strategist | I17: 1.5 | J17: =I17*$B$6 -> 180 | M17: Senior strategic intensity (elevated input) | N17: Strategist | O17: 2 | P17: =O17*$B$6 -> 240
A18: Other fixed item cost | D18: =SUM(D12,D13,D14,D15,D16) -> 520 | G18: Multi-channel orchestration (3+ channels) | H18: Strategist | I18: 1.5 | J18: =I18*$B$6 -> 180 | M18: Advanced testing architecture (design) | N18: Strategist | O18: 1.5 | P18: =O18*$B$6 -> 180
A19: TOTAL FIXED DELIVERY COST | D19: =D17+D18 -> 820 | G19: Direct specialist briefing (brand + perf) | H19: Other | I19: 1 | J19: =I19*$B$7 -> 80 | M19: Forecasting & growth modelling | N19: Strategist | O19: 2 | P19: =O19*$B$6 -> 240
G20: Session time cost | J20: =SUM(J10,J11) -> 600 | M20: Direct specialist briefing (brand+perf+events) | N20: Other | O20: 1.5 | P20: =O20*$B$7 -> 120
A21: COMMERCIAL SUMMARY | G21: Other fixed item cost | J21: =SUM(J12,J13,J14,J15,J16,J17,J18,J19) -> 1160 | M21: Session time cost | P21: =SUM(P10,P11) -> 1200
A22: Subscription revenue | D22: 3500 | G22: TOTAL FIXED DELIVERY COST | J22: =J20+J21 -> 1760 | M22: Other fixed item cost | P22: =SUM(P12,P13,P14,P15,P16,P17,P18,P19,P20) -> 1500
A23: — Credit pool value | D23: 1750 | M23: TOTAL FIXED DELIVERY COST | P23: =P21+P22 -> 2700
A24: — Fixed item revenue | D24: 1750 | G24: COMMERCIAL SUMMARY
A25: Fixed delivery cost | D25: =D19 -> 820 | G25: Subscription revenue | J25: 5000 | M25: COMMERCIAL SUMMARY
A26: Gross margin (€) | D26: =D24-D25 -> 930 | G26: — Credit pool value | J26: 2750 | M26: Subscription revenue | P26: 7500
A27: Gross margin (%) | D27: =IF(D24=0,0,D26/D24) -> 0.53142857 | G27: — Fixed item revenue | J27: 2250 | M27: — Credit pool value | P27: 4500
G28: Fixed delivery cost | J28: =J22 -> 1760 | M28: — Fixed item revenue | P28: 3000
G29: Gross margin (€) | J29: =J27-J28 -> 490 | M29: Fixed delivery cost | P29: =P23 -> 2700
G30: Gross margin (%) | J30: =IF(J27=0,0,J29/J27) -> 0.21777778 | M30: Gross margin (€) | P30: =P28-P29 -> 300
M31: Gross margin (%) | P31: =IF(P28=0,0,P30/P28) -> 0.1

Sheet Summary
A1: GritFuel · Commercial Summary by Tier
A2: Hour rates: Strategist €120 · Other €80 | All figures EUR per month
B4: Core | C4: Growth | D4: Performance
A5: REVENUE
A6: Subscription revenue (total) | B6: ='Cost Model'!D22 -> 3500 | C6: ='Cost Model'!K25 -> 0 | D6: ='Cost Model'!Q26 -> 0
A7: — Credit pool value | B7: ='Cost Model'!D23 -> 1750 | C7: ='Cost Model'!K26 -> 0 | D7: ='Cost Model'!Q27 -> 0
A8: — Fixed item revenue | B8: ='Cost Model'!D24 -> 1750 | C8: ='Cost Model'!K27 -> 0 | D8: ='Cost Model'!Q28 -> 0
A9: Credits included
A10: COSTS
A11: Session time cost | B11: ='Cost Model'!D17 -> 300 | C11: ='Cost Model'!K20 -> 0 | D11: ='Cost Model'!Q21 -> 0
A12: Other fixed item cost | B12: ='Cost Model'!D18 -> 520 | C12: ='Cost Model'!K21 -> 0 | D12: ='Cost Model'!Q22 -> 0
A13: Total fixed delivery cost | B13: ='Cost Model'!D19 -> 820 | C13: ='Cost Model'!K22 -> 0 | D13: ='Cost Model'!Q23 -> 0
A14: MARGIN ON FIXED ITEMS
A15: Gross margin (€) | B15: ='Cost Model'!D26 -> 930 | C15: ='Cost Model'!K29 -> 0 | D15: ='Cost Model'!Q30 -> 0
A16: Gross margin (%) | B16: ='Cost Model'!D27 -> 0.53142857 | C16: ='Cost Model'!K30 -> 0 | D16: ='Cost Model'!Q31 -> 0
A17: HOURS SUMMARY
A18: Total strategist + other hours | B18: =SUM('Cost Model'!C10:C16) -> 7.5 | C18: =SUM('Cost Model'!I10:I19) -> 15.5 | D18: =SUM('Cost Model'!O10:O20) -> 23.5
A20: Note: Fixed item revenue = subscription fee minus credit pool value (credits × €25). Hour estimates are internal benchmarks — adjust blue cells to model different scenarios. Credit execution costs are not included here.
